CASE_ID,ACCIDENT_YEAR,PROC_DATE,JURIS,COLLISION_DATE,COLLISION_TIME,OFFICER_ID,REPORTING_DISTRICT,DAY_OF_WEEK,CHP_SHIFT,POPULATION,CNTY_CITY_LOC,SPECIAL_COND,BEAT_TYPE,CHP_BEAT_TYPE,CITY_DIVISION_LAPD,CHP_BEAT_CLASS,BEAT_NUMBER,PRIMARY_RD,SECONDARY_RD,DISTANCE,DIRECTION,INTERSECTION,WEATHER_1,WEATHER_2,STATE_HWY_IND,CALTRANS_COUNTY,CALTRANS_DISTRICT,STATE_ROUTE,ROUTE_SUFFIX,POSTMILE_PREFIX,POSTMILE,LOCATION_TYPE,RAMP_INTERSECTION,SIDE_OF_HWY,TOW_AWAY,COLLISION_SEVERITY,NUMBER_KILLED,NUMBER_INJURED,PARTY_COUNT,PRIMARY_COLL_FACTOR,PCF_CODE_OF_VIOL,PCF_VIOL_CATEGORY,PCF_VIOLATION,PCF_VIOL_SUBSECTION,HIT_AND_RUN,TYPE_OF_COLLISION,MVIW,PED_ACTION,ROAD_SURFACE,ROAD_COND_1,ROAD_COND_2,LIGHTING,CONTROL_DEVICE,CHP_ROAD_TYPE,PEDESTRIAN_ACCIDENT,BICYCLE_ACCIDENT,MOTORCYCLE_ACCIDENT,TRUCK_ACCIDENT,NOT_PRIVATE_PROPERTY,ALCOHOL_INVOLVED,STWD_VEHTYPE_AT_FAULT,CHP_VEHTYPE_AT_FAULT,COUNT_SEVERE_INJ,COUNT_VISIBLE_INJ,COUNT_COMPLAINT_PAIN,COUNT_PED_KILLED,COUNT_PED_INJURED,COUNT_BICYCLIST_KILLED,COUNT_BICYCLIST_INJURED,COUNT_MC_KILLED,COUNT_MC_INJURED,PRIMARY_RAMP,SECONDARY_RAMP,LATITUDE,LONGITUDE,COUNTY,CITY,POINT_X,POINT_Y
90264003,2016,2016-09-08,9425,2016-09-02,1420,017461,,5,2,9,2200,0,1,3,,1,053,SR-49,"CROWN LEAD RD",5808.00,S,N,A,-,Y,,,,,,,,,,Y,2,0,1,1,A,-,03,22350,,N,F,A,A,A,H,-,A,D,0,,,Y,,Y,,C,02,1,0,0,0,0,0,0,0,1,"- ","- ",37.4238,-120.11490000000001,MARIPOSA,UNINCORPORATED,-120.17345822,37.681198340000002
90268772,2016,2016-09-15,9455,2016-09-12,0915,012329,,1,1,9,2200,0,1,3,,1,004,SR-49,"BEAR VALLEY ROAD",7920.00,N,N,A,-,Y,,,49,,,,,,,N,3,0,1,1,A,-,08,22107,,N,E,I,A,A,H,-,A,D,0,,,Y,,Y,,C,02,0,1,0,0,0,0,0,0,1,"- ","- ",37.589219999999997,-120.12237,MARIPOSA,UNINCORPORATED,-120.12240887999999,37.589197319999997
90271927,2016,2016-09-20,9455,2016-09-07,1530,020097,,3,2,9,2200,0,1,3,,1,003,SR-140,"BEAR CREEK",26400.00,W,N,A,-,Y,,,,,,,,,,Y,4,0,1,1,A,-,08,22107,,N,F,A,A,A,H,-,A,D,0,,,,,Y,,D,22,0,0,1,0,0,0,0,0,0,"- ","- ",37.381300000000003,-119.55576000000001,MARIPOSA,UNINCORPORATED,,
90279039,2016,2016-09-29,9455,2016-09-28,1640,019237,,3,2,9,2200,0,1,3,,1,005,"STATE HIGHWAY 49 SOUTH","3RD STREET",0.00,,Y,A,-,Y,,,49,,,,,,,Y,3,0,1,2,A,-,09,21802,A,N,D,C,A,A,H,-,A,A,0,,,,,Y,,A,01,0,1,0,0,0,0,0,0,0,"- ","- ",37.483029999999999,-119.96334,MARIPOSA,UNINCORPORATED,-119.96337586,37.48299866
90279581,2016,2016-09-29,9425,2016-09-24,0300,016886,,6,3,9,2200,0,3,5,,1,005,"UNITED STATES DIRT FOREST SERVICE ROAD","PONDEROSA WAY",50.00,W,N,A,-,N,,,,,,,,,,Y,3,0,1,1,A,-,13,22515,A,N,E,I,A,A,H,-,D,D,0,,,,,Y,Y,A,01,0,1,0,0,0,0,0,0,0,"- ","- ",37.697690000000001,-120.11618,MARIPOSA,UNINCORPORATED,,
90284787,2016,2016-10-21,9455,2016-09-20,1655,020097,,2,2,9,2200,0,1,3,,1,005,SR-49,"CHOWCHILLA MOUNTAIN RD",284.00,S,N,A,-,Y,,,,,,,,,,Y,1,1,0,1,A,-,08,22107,,N,E,I,A,A,H,-,A,D,0,,,,,Y,,A,07,0,0,0,0,0,0,0,0,0,"- ","- ",37.274889999999999,-119.46395,MARIPOSA,UNINCORPORATED,-119.776467,37.462764
90285458,2016,2016-10-06,9425,2016-10-02,0850,017403,,7,1,9,2200,0,1,3,,1,053,SR-49,"MARY HARRISON MINE RD",11088.00,S,N,A,-,Y,,,,,,,,,,Y,4,0,1,1,A,-,08,22107,,N,E,I,A,A,H,-,A,A,0,,,Y,,Y,,C,02,0,0,1,0,0,0,0,0,1,"- ","- ",,,MARIPOSA,UNINCORPORATED,-120.16235767000001,37.678610470000002
90285682,2016,2016-10-06,9425,2016-09-28,0655,017403,,3,1,9,2200,0,1,3,,1,053,SR-49,"SCHILLING RD",13728.00,S,N,A,-,Y,,,,,,,,,,Y,4,0,1,2,A,-,05,21460,A,N,A,C,A,A,H,-,A,D,0,,,,,Y,,A,07,0,0,1,0,0,0,0,0,0,"- ","- ",,,MARIPOSA,UNINCORPORATED,-120.15238508,37.634181130000002
90288987,2016,2016-10-11,9455,2016-09-27,1150,015656,,2,1,9,2200,0,1,3,,1,005,SR-49N,"INDIAN PEAK RD./SILVA RD.",0.00,,Y,A,-,Y,,,49,,,,,,,Y,4,0,1,2,A,-,12,22450,A,N,D,C,A,A,H,-,A,A,0,,,,,Y,,A,01,0,0,1,0,0,0,0,0,0,"- ","- ",37.460450000000002,-119.90109,MARIPOSA,UNINCORPORATED,-119.90090915,37.460238359999998
90289865,2016,2016-10-12,9455,2016-10-05,1830,020097,,3,2,9,2200,0,3,5,,2,009,"C. Y. A. CAMP ROAD",SR-49,5808.00,E,N,A,-,N,,,,,,,,,,Y,3,0,1,1,A,-,03,22350,,N,F,A,A,A,H,-,B,D,0,,,,,Y,,A,01,0,1,0,0,0,0,0,0,0,"- ","- ",37.51735,-120.04643,MARIPOSA,UNINCORPORATED,-120.04643,37.51735
90290098,2016,2016-11-10,9455,2016-10-05,1700,019417,,3,2,9,2200,0,1,3,,1,003,SR-140,"SOUTH FORK MERCED RIVER BR 40-8",7920.00,E,N,A,-,Y,,,140,,,,,,,Y,4,0,1,1,A,-,01,23152,A,N,E,I,A,A,H,-,A,D,0,,,,,Y,Y,A,07,0,0,1,0,0,0,0,0,0,"- ","- ",37.663020000000003,-119.86569,MARIPOSA,UNINCORPORATED,-119.86567659000001,37.663046219999998
90292527,2016,2016-10-17,9455,2016-10-12,1145,020377,,3,1,9,2200,0,1,3,,1,001,"STATE HIGHWAY 140","YAQUI GULCH RD",0.00,,Y,A,-,Y,,,140,,,,,,,Y,4,0,1,2,A,-,03,22350,,N,C,C,A,A,H,-,A,D,0,,,,Y,Y,,G,27,0,0,1,0,0,0,0,0,0,"- ","- ",37.480640000000001,-120.01143,MARIPOSA,UNINCORPORATED,-120.01143106000001,37.480642240000002
90294851,2016,2016-10-18,9425,2016-10-09,1145,017403,,7,1,9,2200,0,1,3,,1,053,SR-49,"SCHILLING RD",58080.00,S,N,A,-,Y,,,,,,,,,,Y,4,0,1,1,A,-,08,22107,,N,F,A,A,A,H,-,A,D,0,,,Y,,Y,,C,02,0,0,1,0,0,0,0,0,1,"- ","- ",,,MARIPOSA,UNINCORPORATED,-120.106942,37.554582080000003
90299369,2016,2016-10-24,9456,2016-10-13,1314,013782,,4,1,9,2200,0,1,3,,2,055,"STATE ROUTE 41 (SR-41)","JACKSON ROAD",3168.00,S,N,A,-,Y,,,41,,,,,,,Y,3,0,1,1,A,-,08,22107,,N,E,I,A,A,H,-,A,D,0,,,,,Y,,A,01,0,1,0,0,0,0,0,0,0,"- ","- ",37.467089999999999,-119.64556,MARIPOSA,UNINCORPORATED,-119.64552679000001,37.467084790000001
90302668,2016,2016-10-27,9455,2016-10-21,1815,018939,,5,2,9,2200,0,1,3,,1,001,SR-140,"FORESTA RD",5280.00,W,N,A,-,Y,,,140,,,,,,,N,3,0,1,1,A,-,08,22107,,N,E,I,A,A,H,-,A,D,0,,,Y,,Y,,C,02,0,1,0,0,0,0,0,0,1,"- ","- ",37.673499999999997,-119.83410000000001,MARIPOSA,UNINCORPORATED,-119.83406227,37.673473880000003
90308721,2016,2016-11-01,9425,2016-10-26,0945,016886,,3,1,9,2200,0,3,5,,1,005,"SMITH STATION ROAD","GREELEY HILL ROAD",1056.00,N,N,A,B,N,,,,,,,,,,Y,4,0,1,1,A,-,03,22350,,N,F,A,A,A,H,-,A,A,0,,,,Y,Y,,G,25,0,0,1,0,0,0,0,0,0,"- ","- ",37.754860000000001,-120.10363,MARIPOSA,UNINCORPORATED,-120.10576,37.753880000000002
90309839,2016,2016-11-02,9455,2016-10-24,0710,015656,,1,1,9,2200,0,1,3,,1,002,SR-140,"BEAR CREEK BR. 40-04",2112.00,E,N,B,-,Y,,,140,,,,,,,Y,2,0,1,1,A,-,03,22350,,N,E,I,A,B,H,-,B,A,0,,,,,Y,,A,07,1,0,0,0,0,0,0,0,0,"- ","- ",37.58193,-119.96015,MARIPOSA,UNINCORPORATED,-119.96011464999999,37.581936839999997
90310342,2016,2016-11-03,9425,2016-08-22,1515,017403,,1,2,9,2200,0,1,3,,1,051,SR-120,"FOREST ROUTE 1S48Y",1584.00,W,N,A,-,Y,,,,,,,,,,Y,1,1,2,1,A,-,08,22107,,N,E,I,A,A,H,-,A,D,0,,,,,Y,,A,07,2,0,0,0,0,0,0,0,0,"- ","- ",,,MARIPOSA,UNINCORPORATED,,
90312690,2016,2016-11-07,9455,2016-10-24,1220,015656,,1,1,9,2200,0,1,3,,1,002,SR-140,"OLD HWY N",1162.00,E,N,B,-,Y,,,140,,,,,,,Y,3,0,1,1,A,-,08,22107,,N,E,I,A,A,H,-,A,D,0,,,,,Y,,D,22,0,1,0,0,0,0,0,0,0,"- ","- ",37.504379999999998,-119.96668,MARIPOSA,UNINCORPORATED,-119.96663855,37.504352140000002
90321302,2016,2016-11-16,9455,2016-11-11,1730,020377,,5,2,9,2200,0,3,5,,2,010,"4995 5TH STREET","STATE HIGHWAY 140",130.00,S,N,A,-,N,,,,,,,,,,N,2,0,2,3,B,-,22,,,N,G,B,F,A,H,-,D,D,0,Y,,,,Y,,A,01,1,1,0,0,2,0,0,0,0,"- ","- ",37.484529999999999,-119.96429000000001,MARIPOSA,UNINCORPORATED,-119.96517602,37.484044429999997
90325863,2016,2016-11-21,9455,2016-11-11,1235,019417,,5,1,9,2200,0,1,3,,1,005,SR-49,"VARAIN RD",2640.00,S,N,A,-,Y,,,49,,,,,,,Y,2,0,1,1,A,-,08,22107,,N,E,I,A,A,H,-,A,D,0,,,,,Y,,A,01,1,0,0,0,0,0,0,0,0,"- ","- ",37.459820000000001,-119.93374,MARIPOSA,UNINCORPORATED,-119.93373427,37.4597938
90325874,2016,2016-11-21,9455,2016-11-11,1200,019417,,5,1,9,2200,0,1,3,,1,002,SR-140,"COLORADO RD",456.00,E,N,A,-,Y,,,140,,,,,,,Y,3,0,1,2,A,-,05,21460,A,N,B,C,A,A,H,-,A,D,0,,,,,Y,,A,07,0,1,0,0,0,0,0,0,0,"- ","- ",37.567,-119.94176,MARIPOSA,UNINCORPORATED,-119.94176906,37.567001349999998
90341005,2016,2016-12-09,9455,2016-12-01,1245,015656,,4,1,9,2200,0,1,3,,1,001,SR-140,"MILES CREEK BRIDGE 40-17",185.00,W,N,B,-,Y,,,140,,,,,,,Y,3,0,1,1,A,-,08,22107,,N,F,A,A,A,H,-,A,D,0,,,,,Y,,D,22,0,1,0,0,0,0,0,0,0,"- ","- ",37.374699999999997,-120.1683,MARIPOSA,UNINCORPORATED,-120.16832873,37.374705319999997
90341074,2016,2016-12-09,9455,2016-12-07,2005,018215,,3,2,9,2200,0,1,3,,1,001,SR-140,"TROWER RD",4224.00,E,N,B,-,Y,,,,,,,,,,Y,3,0,1,1,A,-,01,23152,A,N,F,A,A,A,H,-,D,D,0,,,,,Y,Y,A,01,0,1,0,0,0,0,0,0,0,"- ","- ",,,MARIPOSA,UNINCORPORATED,-120.07322622,37.446984780000001
90349772,2016,2016-12-20,9455,2016-12-16,1940,018215,,5,2,9,2200,0,1,3,,1,001,SR-140,"MT BULLION CUTOFF RD",2112.00,W,N,B,C,Y,,,,,,,,,,Y,3,0,3,2,A,-,03,22350,,N,D,C,A,B,H,-,D,D,0,,,,,Y,,D,22,0,1,2,0,0,0,0,0,0,"- ","- ",,,MARIPOSA,UNINCORPORATED,-120.07232562,37.47649062
90350571,2016,2016-12-27,9455,2016-12-12,1352,018939,,1,1,9,2200,0,1,3,,1,005,SR-49,"USONA RD",1584.00,N,N,B,-,Y,,,49,,,,,,,Y,3,0,3,1,A,-,08,22107,,N,E,I,A,A,H,-,A,D,0,,,,,Y,,A,07,0,1,2,0,0,0,0,0,0,"- ","- ",37.451500000000003,-119.82899999999999,MARIPOSA,UNINCORPORATED,-119.82893076000001,37.45138815
90356162,2016,2016-12-28,9455,2016-12-19,1727,018939,,1,2,9,2200,0,1,3,,1,005,SR-49,"DARRAH RD",0.00,,Y,A,-,Y,,,49,,,,,,,Y,3,0,1,2,A,-,09,21802,A,N,D,C,A,A,H,-,D,D,0,,,,,Y,,A,01,0,1,0,0,0,0,0,0,0,"- ","- ",37.463850000000001,-119.88858999999999,MARIPOSA,UNINCORPORATED,-119.88858931,37.46388803
90356553,2016,2016-12-28,9455,2016-12-21,1515,018215,,3,2,9,2200,0,1,3,,1,004,SR-49,"MYKLEOAKS RD",0.00,,Y,A,-,Y,,,,,,,,,,Y,2,0,2,3,A,-,03,22350,,N,C,C,A,A,H,-,A,D,0,,,,,Y,,D,22,2,0,0,0,0,0,0,0,0,"- ","- ",,,MARIPOSA,UNINCORPORATED,-120.00952997,37.506109940000002
90359797,2016,2017-01-03,9455,2016-12-29,1415,020377,,4,2,9,2200,0,1,3,,1,002,"STATE HIGHWAY 140","TRIANGLE RD",2640.00,E,N,A,-,Y,,,140,,,,,,,Y,3,0,1,1,A,-,08,22107,,N,F,A,A,A,H,-,A,D,0,,,,,Y,,A,08,0,1,0,0,0,0,0,0,0,"- ","- ",37.530920000000002,-119.91954,MARIPOSA,UNINCORPORATED,-119.91957452,37.530880860000003
90360010,2016,2017-03-15,9455,2016-12-31,1900,020377,,6,2,9,2200,0,1,3,,1,004,"STATE HIGHWAY 49","BEAR VALLEY RD",10560.00,N,N,E,-,Y,,,49,,,,,,,Y,3,0,1,1,A,-,08,22107,,N,E,I,A,B,H,-,D,D,0,,,,,Y,,A,07,0,1,0,0,0,0,0,0,0,"- ","- ",37.597740000000002,-120.124,MARIPOSA,UNINCORPORATED,-120.12399229,37.597743989999998
90363224,2017,2017-01-06,9455,2017-01-03,2000,019417,,2,2,9,2200,0,3,5,,2,010,"TRIANGLE RD","DARRAH RD",17.00,E,N,B,C,N,,,,,,,,,,Y,4,0,1,1,A,-,12,22450,A,N,E,I,A,B,H,-,D,A,0,,,,,Y,,A,07,0,0,1,0,0,0,0,0,0,"- ","- ",37.51652,-119.83508999999999,MARIPOSA,UNINCORPORATED,-119.83513802,37.516448490000002
90371686,2017,2017-01-18,9455,2017-01-14,1225,018088,,6,1,9,2200,0,1,3,,1,004,SR-49,"FRENCH CAMP RD",528.00,S,N,A,-,Y,,,49,,,,,,,Y,2,0,2,1,A,-,01,23152,A,N,E,I,A,A,H,-,A,D,0,,,,,Y,Y,A,01,1,0,1,0,0,0,0,0,0,"- ","- ",37.504159999999999,-119.99403,MARIPOSA,UNINCORPORATED,-119.99403270000001,37.504157050000003
90373117,2017,2017-03-15,9455,2017-01-16,1810,018215,,1,2,9,2200,0,1,3,,1,001,SR-140,"LOWER TROWER RD.",162.00,E,N,A,-,Y,,,,,,,,,,N,3,0,5,2,A,-,03,22350,,N,C,C,A,A,H,-,D,D,0,,,,,Y,,A,01,0,1,4,0,0,0,0,0,0,"- ","- ",,,MARIPOSA,UNINCORPORATED,,
90381604,2017,2017-01-30,9425,2017-01-17,1329,017403,,2,1,9,2200,0,3,5,,1,005,"DEXTER RD","PINE LAKE DR",4752.00,S,N,A,-,N,,,,,,,,,,Y,4,0,1,2,A,-,08,22107,,N,A,C,A,A,H,-,A,D,0,,,,,Y,,A,07,0,0,1,0,0,0,0,0,0,"- ","- ",,,MARIPOSA,UNINCORPORATED,-120.14443,37.761839999999999
90383385,2017,2017-03-15,9455,2017-01-24,0815,015656,,2,1,9,2200,0,1,3,,1,001,SR-140,"PASO DEL ORO RD.",215.00,W,N,A,-,Y,,,140,,,,,,,Y,4,0,2,1,A,-,03,22350,,N,E,I,A,C,B,-,A,D,0,,,,,Y,,A,01,0,0,2,0,0,0,0,0,0,"- ","- ",37.486420000000003,-119.99718,MARIPOSA,UNINCORPORATED,-119.99718310999999,37.486394709999999
90383433,2017,2017-02-01,9455,2017-01-24,0755,020377,,2,1,9,2200,0,1,3,,1,004,"STATE HIGHWAY 140","FOURNIER RD",75.00,N,N,A,-,Y,,,,,,,,,,Y,4,0,1,1,A,-,03,22350,,N,E,I,A,C,H,-,A,D,0,,,,,Y,,D,22,0,0,1,0,0,0,0,0,0,"- ","- ",37.50676,-120.00472000000001,MARIPOSA,UNINCORPORATED,,
90384041,2017,2017-02-01,9455,2017-01-26,1910,018939,,4,2,9,2200,0,3,5,,2,010,"TRIANGLE RD","TRIANGLE PARK RD",1584.00,N,N,A,-,N,,,,,,,,,,Y,3,0,1,1,A,-,08,22107,,N,E,I,A,A,H,-,D,D,0,,,,,Y,,A,01,0,1,0,0,0,0,0,0,0,"- ","- ",37.494500000000002,-119.812,MARIPOSA,UNINCORPORATED,-119.81598855,37.490599449999998
90385337,2017,2017-02-03,9455,2017-01-28,1730,019417,,6,2,9,2200,0,1,3,,1,003,SR-140,"HITES MINE RD",6336.00,E,N,A,-,Y,,,140,,,,,,,Y,3,0,1,1,A,-,01,23152,A,N,E,I,A,A,H,-,B,D,0,,,,,Y,Y,A,01,0,1,0,0,0,0,0,0,0,"- ","- ",37.67033,-119.83568,MARIPOSA,UNINCORPORATED,-119.83574238,37.670376910000002
90386101,2017,2017-02-06,9455,2017-01-29,0925,020377,,7,1,9,2200,0,1,3,,1,003,"STATE HIGHWAY 140","TRAILER CT RD",900.00,W,N,A,-,Y,,,140,,,,,,,Y,3,0,1,1,A,-,03,22350,,N,E,I,A,C,H,-,A,D,0,,,,,Y,,D,22,0,1,0,0,0,0,0,0,0,"- ","- ",37.670749999999998,-119.79897,MARIPOSA,UNINCORPORATED,-119.79896669,37.670660900000001
90387617,2017,2017-02-07,9455,2017-02-01,1130,015656,,3,1,9,2200,0,1,3,,1,005,SR-49S,"DARRAH RD",0.00,,Y,A,-,Y,,,49,,,,,,,Y,3,0,2,2,A,-,08,22107,,N,A,C,A,A,H,-,A,D,0,,,,,Y,,D,23,0,2,0,0,0,0,0,0,0,"- ","- ",37.463920000000002,-119.88861,MARIPOSA,UNINCORPORATED,-119.88861057,37.463888420000004
90389791,2017,2017-02-09,9455,2017-02-02,1225,015656,,4,1,9,2200,0,1,3,,1,005,SR-49S,"ASHWORTH RD",2112.00,S,N,C,-,Y,,,49,,,,,,,Y,3,0,1,1,C,-,18,,,N,H,A,A,B,H,-,A,D,0,,,,,Y,,-,"- ",0,1,0,0,0,0,0,0,0,"- ","- ",37.456569999999999,-119.90815000000001,MARIPOSA,UNINCORPORATED,-119.90814663,37.456610750000003
90393180,2017,2017-02-14,9455,2017-02-09,1325,018939,,4,1,9,2200,0,1,3,,1,005,SR-49,"WATT ROAD EXTENSION",1056.00,N,N,B,-,Y,,,49,,,,,,,Y,4,0,2,1,A,-,08,22107,,N,E,I,A,A,H,-,A,D,0,,,,,Y,,A,07,0,0,2,0,0,0,0,0,0,"- ","- ",37.455100000000002,-119.7701,MARIPOSA,UNINCORPORATED,-119.77013504999999,37.454963030000002
90403374,2017,2017-03-01,9455,2017-02-25,2140,019244,,6,2,9,2200,0,1,3,,1,001,"RT 140","TROWER ROAD (EAST)",2112.00,W,N,A,-,Y,,,,,,,,,,Y,2,0,3,1,A,-,01,23153,A,N,F,A,A,A,H,-,D,D,0,,,,,Y,Y,A,07,1,0,2,0,0,0,0,0,0,"- ","- ",37.264749999999999,-120.42483,MARIPOSA,UNINCORPORATED,-120.09025079,37.436384910000001
90403787,2017,2017-03-01,9455,2017-02-26,1320,019417,,7,1,9,2200,0,1,3,,1,002,SR-140,"OLD HWY",1320.00,E,N,A,-,Y,,,140,,,,,,,Y,4,0,1,1,A,-,08,22107,,N,E,I,A,A,H,-,A,D,0,,,,,Y,,A,01,0,0,1,0,0,0,0,0,0,"- ","- ",37.504539999999999,-119.96682,MARIPOSA,UNINCORPORATED,-119.96660805,37.504397519999998
90404890,2017,2017-03-02,9455,2017-02-24,0815,020097,,5,1,9,2200,0,1,3,,1,005,SR-49,"WASS RD",528.00,S,N,A,-,Y,,,,,,,,,,Y,3,0,1,1,A,-,03,22350,,N,F,A,A,C,H,-,A,D,0,,,,,Y,,D,22,0,1,0,0,0,0,0,0,0,"- ","- ",,,MARIPOSA,UNINCORPORATED,-119.83384141000001,37.44837227
90407243,2017,2017-03-07,9455,2017-03-05,0815,019417,,7,1,9,2200,0,1,3,,1,005,SR-49,"VARAIN RD.",3326.00,S,N,B,C,Y,,,49,,,,,,,N,4,0,1,3,A,-,03,22350,,N,C,C,A,B,H,-,A,D,0,,,,,Y,,D,22,0,0,1,0,0,0,0,0,0,"- ","- ",37.460059999999999,-119.9323,MARIPOSA,UNINCORPORATED,-119.93229684000001,37.460019109999998
90407847,2017,2017-03-16,9455,2017-03-05,0010,020097,,7,3,9,2200,0,3,5,,2,009,"HORNITOS RD","OLD TOLL RD",302.00,N,N,B,-,N,,,,,,,,,,Y,3,0,1,1,A,-,01,23152,A,N,E,I,A,A,H,-,D,D,0,,,,,Y,Y,A,07,0,1,0,0,0,0,0,0,0,"- ","- ",37.491729999999997,-120.14176,MARIPOSA,UNINCORPORATED,-120.14084942,37.491789879999999
90414405,2017,2017-03-17,9425,2017-03-11,1900,019785,,6,2,9,2200,0,1,3,,1,053,"STATE ROUTE 49","SCHILLING RD",10560.00,S,N,A,-,Y,,,49,,,,,,,Y,3,0,1,1,A,-,08,22107,,N,E,I,A,A,H,-,D,D,0,,,,,Y,,A,01,0,1,0,0,0,0,0,0,0,"- ","- ",37.658619999999999,-120.14671,MARIPOSA,UNINCORPORATED,-120.14659707,37.658618300000001
90414666,2017,2017-03-17,9455,2017-03-09,1520,018939,,4,2,9,2200,0,3,5,,2,010,SR-49,"3RD ST",185.00,N,N,A,-,Y,,,49,,,,,,,Y,3,0,1,2,A,-,03,22350,,N,C,C,A,A,H,-,A,A,0,,,,,Y,,A,01,0,1,0,0,0,0,0,0,0,"- ","- ",37.483499999999999,-119.9639,MARIPOSA,UNINCORPORATED,-119.96378799,37.483146410000003
90418418,2017,2017-03-23,9455,2017-03-20,1745,018215,,1,2,9,2200,0,3,5,,2,009,"HORNITOS RD","LA PALOMA RD",1584.00,W,N,B,C,N,,,,,,,,,,Y,3,0,1,1,A,-,03,22350,,N,E,I,A,B,H,-,A,D,0,,,,,Y,,A,01,0,1,0,0,0,0,0,0,0,"- ","- ",37.285989999999998,-120.16473000000001,MARIPOSA,UNINCORPORATED,-120.27770001,37.482420910000002
90424581,2017,2017-03-30,9455,2017-03-24,1500,021563,,5,2,9,2200,0,3,5,,2,010,"TRIANGLE RD","E. WESTFALL",1584.00,S,N,B,C,N,,,,,,,,,,Y,3,0,4,2,A,-,08,22107,,N,A,C,A,B,H,-,A,D,0,,,,,Y,,A,01,0,1,3,0,0,0,0,0,0,"- ","- ",37.294939999999997,-119.4838,MARIPOSA,UNINCORPORATED,-119.81087825,37.496484979999998
90425288,2017,2017-04-03,9455,2017-03-24,1645,021563,,5,2,9,2200,0,1,3,,1,001,"RT 140","PASO DEL OSO RD.",300.00,W,N,B,C,Y,,,,,,,,,,Y,4,0,2,1,A,-,08,22107,,N,E,I,A,B,H,-,A,D,0,,,,,Y,,A,07,0,0,2,0,0,0,0,0,0,"- ","- ",,,MARIPOSA,UNINCORPORATED,-119.99722223000001,37.486391660000002
90425394,2017,2017-04-03,9455,2017-03-25,1110,018939,,6,1,9,2200,0,3,5,,2,010,"BEN HUR RD","SILVER BAR RD",1584.00,S,N,B,-,N,,,,,,,,,,Y,3,0,1,1,A,-,08,22107,,N,H,I,A,A,B,-,A,D,0,,,Y,,Y,,C,02,0,1,0,0,0,0,0,0,1,"- ","- ",37.369799999999998,-119.9682,MARIPOSA,UNINCORPORATED,-119.96816171,37.370230419999999
90429863,2017,2017-04-07,9455,2017-04-02,0025,020377,,7,3,9,2200,0,1,3,,1,002,"STATE HIGHWAY 140","COLORADO RD",10560.00,E,N,A,-,Y,,,140,,,,,,,Y,4,0,1,1,A,-,08,22107,,N,E,I,A,A,H,-,D,D,0,,,,,Y,,A,01,0,0,1,0,0,0,0,0,0,"- ","- ",37.581339999999997,-119.96062000000001,MARIPOSA,UNINCORPORATED,-119.96004481,37.581735109999997
90433687,2017,2017-04-13,9425,2017-04-09,1920,017403,,7,2,9,2200,0,1,3,,1,053,SR-49,"MARY HARRISON MINE RD",6336.00,S,N,A,-,Y,,,,,,,,,,Y,3,0,5,1,A,-,08,22107,,N,E,I,A,A,H,-,D,D,0,,,,,Y,,A,07,0,3,2,0,0,0,0,0,0,"- ","- ",,,MARIPOSA,UNINCORPORATED,-120.17338138,37.681172050000001
90434592,2017,2017-04-14,9455,2017-04-09,0210,020097,,7,3,9,2200,0,1,3,,1,005,SR-49,"USONA RD",900.00,S,N,A,-,Y,,,,,,,,,,Y,3,0,1,1,A,-,01,23152,A,M,F,A,A,A,H,-,D,D,0,,,,,Y,Y,D,22,0,1,0,0,0,0,0,0,0,"- ","- ",,,MARIPOSA,UNINCORPORATED,-119.82533866,37.451933439999998
90434617,2017,2017-04-14,9455,2017-04-08,1150,018088,,6,1,9,2200,0,1,3,,1,001,SR-140,"VIA CABALLO",3168.00,W,N,B,-,Y,,,,,,,,,,Y,3,0,2,1,A,-,08,22107,,N,E,I,A,A,H,-,A,D,0,,,,,Y,,A,01,0,1,1,0,0,0,0,0,0,"- ","- ",,,MARIPOSA,UNINCORPORATED,,
90435661,2017,2017-04-17,9425,2017-04-07,1100,017461,,5,1,9,2200,0,1,3,,1,053,SR-49,"SCHILLING RD",8976.00,S,N,B,C,Y,,,49,,,,,,,Y,2,0,4,1,A,-,08,22107,,N,F,A,A,B,H,-,A,D,0,,,,,Y,,A,01,1,2,1,0,0,0,0,0,0,"- ","- ",37.710999999999999,-120.1977,MARIPOSA,UNINCORPORATED,-120.19755734,37.711128189999997
90437499,2017,2017-05-25,9455,2017-04-12,0001,020097,,3,3,9,2200,0,3,5,,2,009,"YOSEMITE OAKS RD",SR-140,528.00,N,N,A,-,N,,,,,,,,,,Y,3,0,1,1,A,-,01,23152,A,N,E,I,A,A,H,-,D,D,0,,,,,Y,Y,D,22,0,1,0,0,0,0,0,0,0,"- ","- ",37.312399999999997,-119.55342,MARIPOSA,UNINCORPORATED,-119.92658434000001,37.523414099999997