CASE_ID,ACCIDENT_YEAR,PROC_DATE,JURIS,COLLISION_DATE,COLLISION_TIME,OFFICER_ID,REPORTING_DISTRICT,DAY_OF_WEEK,CHP_SHIFT,POPULATION,CNTY_CITY_LOC,SPECIAL_COND,BEAT_TYPE,CHP_BEAT_TYPE,CITY_DIVISION_LAPD,CHP_BEAT_CLASS,BEAT_NUMBER,PRIMARY_RD,SECONDARY_RD,DISTANCE,DIRECTION,INTERSECTION,WEATHER_1,WEATHER_2,STATE_HWY_IND,CALTRANS_COUNTY,CALTRANS_DISTRICT,STATE_ROUTE,ROUTE_SUFFIX,POSTMILE_PREFIX,POSTMILE,LOCATION_TYPE,RAMP_INTERSECTION,SIDE_OF_HWY,TOW_AWAY,COLLISION_SEVERITY,NUMBER_KILLED,NUMBER_INJURED,PARTY_COUNT,PRIMARY_COLL_FACTOR,PCF_CODE_OF_VIOL,PCF_VIOL_CATEGORY,PCF_VIOLATION,PCF_VIOL_SUBSECTION,HIT_AND_RUN,TYPE_OF_COLLISION,MVIW,PED_ACTION,ROAD_SURFACE,ROAD_COND_1,ROAD_COND_2,LIGHTING,CONTROL_DEVICE,CHP_ROAD_TYPE,PEDESTRIAN_ACCIDENT,BICYCLE_ACCIDENT,MOTORCYCLE_ACCIDENT,TRUCK_ACCIDENT,NOT_PRIVATE_PROPERTY,ALCOHOL_INVOLVED,STWD_VEHTYPE_AT_FAULT,CHP_VEHTYPE_AT_FAULT,COUNT_SEVERE_INJ,COUNT_VISIBLE_INJ,COUNT_COMPLAINT_PAIN,COUNT_PED_KILLED,COUNT_PED_INJURED,COUNT_BICYCLIST_KILLED,COUNT_BICYCLIST_INJURED,COUNT_MC_KILLED,COUNT_MC_INJURED,PRIMARY_RAMP,SECONDARY_RAMP,LATITUDE,LONGITUDE,COUNTY,CITY,POINT_X,POINT_Y
90582221,2017,2017-10-30,9455,2017-10-23,2105,021563,,1,2,9,2200,0,1,3,,1,003,SR-140,"CRANE CREEK RD",200.00,E,N,A,-,Y,,,140,,,,,,,Y,3,0,1,1,A,-,01,23152,A,N,F,I,A,A,H,-,D,D,0,,,,,Y,Y,A,07,0,1,0,0,0,0,0,0,0,"- ","- ",37.676279999999998,-119.77623,MARIPOSA,UNINCORPORATED,-119.77624491,37.676305980000002
90586636,2017,2017-11-03,9455,2017-10-25,0805,015656,,3,1,9,2200,0,3,5,,2,010,"BULLION ST.","6TH ST.",67.00,S,N,A,-,N,,,,,,,,,,Y,3,0,1,1,A,-,01,23152,F,N,E,I,A,A,H,-,A,D,0,,,,,Y,,A,01,0,1,0,0,0,0,0,0,0,"- ","- ",37.485340000000001,-119.96446,MARIPOSA,UNINCORPORATED,-119.9644555,37.485290550000002
90588948,2017,2017-11-07,9425,2017-11-03,0423,016886,,5,3,9,2200,0,1,3,,1,053,SR-49,"CROWN LEAD ROAD",12672.00,S,N,B,-,Y,,,49,,,,,,,Y,2,0,1,1,A,-,08,22107,,N,E,I,A,B,H,-,D,D,0,,,,,Y,,A,07,1,0,0,0,0,0,0,0,0,"- ","- ",37.675609999999999,-120.15931,MARIPOSA,UNINCORPORATED,-120.15935555,37.6756508
90592131,2017,2017-11-10,9455,2017-11-02,0818,018088,,4,1,9,2200,0,1,3,,1,005,SR-49,"WOODLAND DR",1056.00,S,N,B,-,Y,,,49,,,,,,,Y,4,0,1,1,A,-,08,22107,,N,F,A,A,A,H,-,A,D,0,,,,,Y,,A,07,0,0,1,0,0,0,0,0,0,"- ","- ",37.448369999999997,-119.85021999999999,MARIPOSA,UNINCORPORATED,-119.85022198999999,37.448364939999998
90592253,2017,2017-11-13,9455,2017-11-03,0110,019244,,5,3,9,2200,0,3,5,,2,010,"DARRAH RD","VALLEY VIEW RD",2112.00,W,N,B,-,N,,,,,,,,,,Y,4,0,1,1,A,-,08,22107,,N,F,A,A,A,H,-,D,D,0,,,,,Y,,A,07,0,0,1,0,0,0,0,0,0,"- ","- ",37.292209999999997,-119.51285,MARIPOSA,UNINCORPORATED,-119.860778,37.486242910000001
90592261,2017,2017-11-13,9455,2017-11-05,0835,021143,,7,1,9,2200,0,1,3,,1,005,SR-49,"TRIANGLE RD",627.00,N,N,B,-,Y,,,49,,,,,,,Y,2,0,1,1,A,-,08,22107,,N,E,I,A,A,H,-,A,D,0,,,,,Y,,A,07,1,0,0,0,0,0,0,0,0,"- ","- ",37.461550000000003,-119.79573000000001,MARIPOSA,UNINCORPORATED,-119.79571446999999,37.461499510000003
90592268,2017,2017-11-13,9455,2017-11-08,1208,018088,,3,1,9,2200,0,1,3,,1,004,SR-49,"FRANK WILSON",1584.00,N,N,A,-,Y,,,49,,,,,,,N,2,0,1,1,C,-,18,,,N,E,H,A,A,H,-,A,D,0,,,Y,,Y,,-,"- ",1,0,0,0,0,0,0,0,1,"- ","- ",37.502740000000003,-119.99086,MARIPOSA,UNINCORPORATED,-119.99086324,37.502724909999998
90597218,2017,2017-11-17,9455,2017-11-13,0810,015656,,1,1,9,2200,0,1,3,,1,001,SR-140,"OLD HIGHWAY RD",6864.00,W,N,A,-,Y,,,140,,,,,,,Y,3,0,1,1,A,-,08,22107,,N,E,I,A,A,H,-,A,D,0,,,,,Y,,A,07,0,1,0,0,0,0,0,0,0,"- ","- ",37.394509999999997,-120.1476,MARIPOSA,UNINCORPORATED,-120.14753957000001,37.394450310000003
90597702,2017,2017-11-20,9455,2017-11-19,1745,021228,,7,2,9,2200,0,1,3,,1,001,SR-140,"4TH ST",63.00,E,N,B,-,Y,,,140,,,,,,,N,4,0,1,2,A,-,03,22350,,N,C,C,A,A,H,-,C,A,0,,,,,Y,,A,01,0,0,1,0,0,0,0,0,0,"- ","- ",37.483789999999999,-119.96442999999999,MARIPOSA,UNINCORPORATED,-119.96438513,37.483831629999997
90601095,2017,2017-12-15,9425,2017-10-17,1816,017403,,2,2,9,2200,0,1,3,,1,054,SR-132,"PINEY CREEK RD",1584.00,W,N,A,-,Y,,,132,,,,,,,Y,1,2,1,1,A,-,01,23152,A,N,F,A,A,A,H,-,A,D,0,,,,,Y,Y,A,08,0,1,0,0,0,0,0,0,0,"- ","- ",37.70308,-120.30014,MARIPOSA,UNINCORPORATED,-120.30013717,37.703084779999998
90605376,2017,2017-11-29,9455,2017-11-21,1820,020377,,2,2,9,2200,0,1,3,,1,003,"STATE HIGHWAY 140","BULL CREEK RD",28512.00,E,N,A,-,Y,,,140,,,,,,,N,4,0,1,2,A,-,05,21460,A,N,B,C,A,A,H,-,D,D,0,,,,,Y,,M,47,0,0,1,0,0,0,0,0,0,"- ","- ",37.671810000000001,-119.83481,MARIPOSA,UNINCORPORATED,-119.83474735999999,37.671778459999999
90605509,2017,2017-11-29,9455,2017-11-25,1630,019417,,6,2,9,2200,0,1,3,,1,005,SR-49,"HARRIS RD",5808.00,N,N,B,-,Y,,,,,,,,,,Y,3,0,1,1,A,-,08,22107,,N,E,I,A,A,H,-,A,D,0,,,,,Y,,A,01,0,1,0,0,0,0,0,0,0,"- ","- ",37.443950000000001,-119.7467,MARIPOSA,UNINCORPORATED,-119.74399726,37.444428969999997
90606509,2017,2017-11-30,9455,2017-11-23,1130,018088,,4,1,9,2200,0,1,3,,1,001,SR-140,"MILES CREEK BRIDGE 40-12",2640.00,E,N,A,-,Y,,,140,,,,,,,Y,4,0,1,1,A,-,08,22107,,N,E,I,A,A,H,-,A,D,0,,,,,Y,,A,01,0,0,1,0,0,0,0,0,0,"- ","- ",37.36027,-120.17945,MARIPOSA,UNINCORPORATED,-120.17939579,37.360188270000002
90609429,2017,2017-12-04,9455,2017-11-24,0940,018088,,5,1,9,2200,0,1,3,,1,001,SR-140,"TROWER RD LOWER",3168.00,E,N,A,-,Y,,,140,,,,,,,Y,2,0,1,1,A,-,08,22107,,N,E,I,A,A,H,-,A,D,0,,,,Y,Y,,G,26,1,0,0,0,0,0,0,0,0,"- ","- ",37.445419999999999,-120.07496999999999,MARIPOSA,UNINCORPORATED,-120.07499540000001,37.445467239999999
90613489,2017,2017-12-11,9455,2017-12-01,1705,018215,,5,2,9,2200,0,1,3,,1,002,SR-140,"COAKLEY CIR",105.00,W,N,A,-,Y,,,,,,,,,,N,4,0,1,2,A,-,09,21804,A,N,D,C,A,A,H,-,B,A,0,,,,,Y,,D,22,0,0,1,0,0,0,0,0,0,"- ","- ",37.29251,-119.58163999999999,MARIPOSA,UNINCORPORATED,-119.97150024,37.490852060000002
90613491,2017,2017-12-11,9455,2017-12-03,1900,019417,,7,2,9,2200,0,3,5,,2,010,"HARRIS RD.",SR-49,240.00,W,N,A,-,N,,,,,,,,,,Y,4,0,1,1,A,-,08,22107,,N,E,I,A,A,H,-,D,D,0,,,,,Y,Y,A,01,0,0,1,0,0,0,0,0,0,"- ","- ",37.431649999999998,-119.73143,MARIPOSA,UNINCORPORATED,-119.73123775000001,37.432003250000001
90617086,2017,2017-12-14,9455,2017-12-07,1330,018939,,4,1,9,2200,0,3,5,,2,010,"EAST WESTFALL RD.","OLIVER CREEK",4224.00,W,N,A,-,N,,,,,,,,,,N,4,0,1,2,A,-,17,21662,A,N,A,C,A,A,H,-,A,D,0,,,Y,Y,Y,,C,02,0,0,1,0,0,0,0,0,1,"- ","- ",37.486499999999999,-119.78489999999999,MARIPOSA,UNINCORPORATED,-119.78663198,37.487840490000004
90618670,2017,2017-12-15,9455,2017-12-13,1000,018088,,3,1,9,2200,0,1,3,,1,003,SR-140,"MERCED RIVER BRIDGE 40.09",140.00,E,N,A,-,Y,,,,,,,,,,N,4,0,1,1,A,-,03,22350,,N,E,I,A,C,H,-,A,D,0,,,,,Y,,D,22,0,0,1,0,0,0,0,0,0,"- ","- ",,,MARIPOSA,UNINCORPORATED,,
90620535,2017,2017-12-19,9455,2017-12-13,0745,015656,,3,1,9,2200,0,1,3,,1,003,SR-140,"BRICEBURG RD.",15312.00,E,N,A,-,Y,,,140,,,,,,,Y,1,1,0,1,A,-,03,22350,,N,E,I,A,C,H,-,A,D,0,,,,,Y,,D,22,0,0,0,0,0,0,0,0,0,"- ","- ",37.632750000000001,-119.93581,MARIPOSA,UNINCORPORATED,-119.93583633,37.632775430000002
90628858,2017,2017-12-28,9455,2017-12-22,1320,021563,,5,1,9,2200,0,3,5,,2,009,"W. WHITLOCK",SR-49,11616.00,E,N,A,-,N,,,,,,,,,,Y,2,0,1,1,A,-,03,22350,,N,E,I,A,C,H,-,A,D,0,,,,,Y,,A,01,1,0,0,0,0,0,0,0,0,"- ","- ",37.528939999999999,-120.00924999999999,MARIPOSA,UNINCORPORATED,-120.00915255,37.528542440000003
90631826,2017,2018-01-03,9455,2017-12-29,1430,021295,,5,2,9,2200,0,3,5,,2,010,"E. WESTFALL ROAD","SMITHERS RD",0.00,,Y,A,-,N,,,,,,,,,,Y,4,0,1,2,A,-,09,21800,B,N,A,C,A,A,H,-,A,D,0,,,,,Y,,A,01,0,0,1,0,0,0,0,0,0,"- ","- ",37.500999999999998,-119.8065,MARIPOSA,UNINCORPORATED,-119.80642,37.501049960000003
90636623,2018,2018-01-09,9455,2018-01-05,0845,015656,,5,1,9,2200,0,3,5,,2,010,"HIRSCH RD.","MULLEIN LN",2.00,S,N,A,-,N,,,,,,,,,,Y,3,0,1,1,A,-,08,22107,,N,E,I,A,A,H,-,A,D,0,,,,,Y,,A,08,0,1,0,0,0,0,0,0,0,"- ","- ",37.446331024169922,-119.8563232421875,MARIPOSA,UNINCORPORATED,-119.85678100585938,37.446174621582031
90639237,2018,2018-01-12,9455,2018-01-09,1325,015656,,2,1,9,2200,0,3,5,,2,010,"DARRAH RD","COLE RD",1584.00,N,N,B,-,N,,,,,,,,,,Y,3,0,1,1,A,-,08,22107,,N,E,I,A,B,H,-,A,D,0,,,,,Y,,A,01,0,1,0,0,0,0,0,0,0,"- ","- ",37.467521667480469,-119.88259887695312,MARIPOSA,UNINCORPORATED,-119.88234710693359,37.467788696289062
90639733,2018,2018-01-15,9455,2018-01-06,1100,020377,,6,1,9,2200,0,3,5,,2,010,"YAQUI GULCH RD","LIVE OAK RD",3696.00,N,N,C,-,N,,,,,,,,,,Y,2,0,1,1,A,-,08,22107,,N,F,A,A,B,H,-,A,D,0,,,,,Y,,D,22,1,0,0,0,0,0,0,0,0,"- ","- ",37.467769622802734,-120.00196838378906,MARIPOSA,UNINCORPORATED,-120.00208282470703,37.466453552246094
90639742,2018,2018-01-15,9455,2018-01-07,0850,020377,,7,1,9,2200,0,1,3,,1,001,"STATE HIGHWAY 140","MT BULLION CUTOFF RD",5280.00,W,N,B,-,Y,,,140,,,,,,,Y,2,0,4,3,A,-,01,23152,A,N,A,C,A,A,H,-,A,D,0,,,,,Y,Y,D,22,1,3,0,0,0,0,0,0,0,"- ","- ",37.470718383789062,-120.07489013671875,MARIPOSA,UNINCORPORATED,-120.07477569580078,37.470790863037109
90642158,2018,2018-01-17,9455,2018-01-10,1539,018939,,3,2,9,2200,0,1,3,,1,005,SR-49,"VARAIN RD",225.00,N,N,B,-,Y,,,49,,,,,,,Y,3,0,1,2,A,-,17,23114,A,N,H,C,A,A,H,-,A,D,0,,,,,Y,,-,99,0,1,0,0,0,0,0,0,0,"- ","- ",37.460601806640625,-119.94480133056641,MARIPOSA,UNINCORPORATED,-119.94476318359375,37.460662841796875
90642168,2018,2018-01-17,9455,2018-01-12,1900,018215,,5,2,9,2200,0,3,5,,2,009,"OLD TOLL RD","PENDOLA GARDEN RD",1584.00,W,N,E,-,N,,,,,,,,,,Y,3,0,2,1,A,-,08,22107,,N,F,A,A,B,H,-,D,D,0,,,,,Y,Y,A,07,0,2,0,0,0,0,0,0,0,"- ","- ",37.301261901855469,-120.61592864990234,MARIPOSA,UNINCORPORATED,-120.09906005859375,37.506637573242188
90647182,2018,2018-01-25,9455,2018-01-23,1330,015656,,2,1,9,2200,0,3,5,,2,010,"HARRIS CUT-OFF RD.","SPECKLED CT.",570.00,N,N,A,-,N,,,,,,,,,,N,2,0,1,1,A,-,03,22350,,N,E,I,A,A,H,-,A,D,0,,Y,,,Y,,L,04,1,0,0,0,0,0,1,0,0,"- ","- ",37.467350006103516,-119.73838043212891,MARIPOSA,UNINCORPORATED,-119.73838043212891,37.467178344726562
90655706,2018,2018-02-06,9455,2018-01-31,0825,018088,,3,1,9,2200,0,1,3,,1,002,SR-140,"7TH ST",20.00,W,N,A,-,Y,,,140,,,,,,,N,4,0,1,2,A,-,03,22350,,N,C,C,A,A,H,-,A,A,0,,,,,Y,,-,98,0,0,1,0,0,0,0,0,0,"- ","- ",37.485610961914062,-119.96600341796875,MARIPOSA,UNINCORPORATED,-119.96601867675781,37.485588073730469
90668682,2018,2018-02-23,9455,2018-02-17,1935,020097,,6,2,9,2200,0,1,3,,1,002,SR-140,"5TH ST",40.00,W,N,A,-,Y,,,,,,,,,,N,3,0,3,3,A,-,03,22350,,N,C,C,A,A,H,-,C,D,0,,,,,Y,,D,22,0,1,2,0,0,0,0,0,0,"- ","- ",,,MARIPOSA,UNINCORPORATED,-119.96489715576172,37.484336853027344
90669232,2018,2018-02-26,9425,2018-02-21,2330,017461,,3,3,9,2200,0,3,5,,1,005,"GREELEY HILL RD","OLD GREELEY HILL ROAD",5808.00,W,N,A,-,N,,,,,,,,,,Y,2,0,4,1,A,-,08,22107,,N,E,I,A,A,H,-,D,D,0,,,,,Y,,A,07,2,0,2,0,0,0,0,0,0,"- ","- ",37.733501434326172,-120.18769836425781,MARIPOSA,UNINCORPORATED,-120.17844390869141,37.737953186035156
90672362,2018,2018-03-01,9455,2018-02-23,0945,021563,,5,1,9,2200,0,1,3,,1,001,SR-140,"3896 SR-140 PRIVATE DR.",525.00,W,N,B,-,Y,,,140,,,,,,,Y,3,0,1,1,A,-,03,22350,,N,F,A,A,C,H,-,A,D,0,,,,,Y,,D,22,0,1,0,0,0,0,0,0,0,"- ","- ",37.476108551025391,-120.03704833984375,MARIPOSA,UNINCORPORATED,-120.03706359863281,37.476158142089844
90673201,2018,2018-03-01,9455,2018-02-23,0900,018088,,5,1,9,2200,0,1,3,,1,001,SR-140,"MILLER RD",3168.00,W,N,B,-,Y,,,,,,,,,,Y,4,0,3,2,A,-,03,22350,,N,A,C,A,C,H,-,A,D,0,,,,,Y,,D,22,0,0,3,0,0,0,0,0,0,"- ","- ",,,MARIPOSA,UNINCORPORATED,-119.96956634521484,37.488849639892578
90676123,2018,2018-03-06,9455,2018-02-28,1855,021143,,3,2,9,2200,0,3,5,,2,010,"ALLRED RD","YELLOW PINE HILL",3168.00,N,N,A,-,N,,,,,,,,,,N,4,0,1,1,A,-,01,23152,A,N,E,I,A,A,H,-,D,D,0,,,,,Y,Y,D,22,0,0,1,0,0,0,0,0,0,"- ","- ",37.475749969482422,-119.92240142822266,MARIPOSA,UNINCORPORATED,-119.92236328125,37.475730895996094
90678573,2018,2018-03-09,9455,2018-03-03,1900,021295,,6,2,9,2200,0,3,5,,2,010,"BEN HUR ROAD","SILVER BAR ROAD",10560.00,S,N,C,-,N,,,,,,,,,,Y,3,0,1,1,A,-,08,22107,,N,F,A,A,B,H,-,D,D,0,,,,,Y,,A,01,0,1,0,0,0,0,0,0,0,"- ","- ",37.351959228515625,-119.96620941162109,MARIPOSA,UNINCORPORATED,-119.96625518798828,37.348628997802734
90687130,2018,2018-03-21,9455,2018-03-12,1420,021295,,1,2,9,2200,0,1,3,,1,002,"SR-140 E/B","BRICEBURG ROAD",10560.00,W,N,A,-,Y,,,140,,,,,,E,Y,2,0,1,1,A,-,01,23152,A,N,E,I,A,A,H,-,A,D,0,,,,,Y,Y,D,22,1,0,0,0,0,0,0,0,0,"- ","- ",37.584598541259766,-119.96199798583984,MARIPOSA,UNINCORPORATED,-119.96172332763672,37.584690093994141
90689782,2018,2018-03-26,9425,2018-03-23,0552,016886,,5,3,9,2200,0,3,5,,1,005,"RANCHITO DRIVE","CARRILLO WAY",212.00,W,N,A,-,N,,,,,,,,,,Y,2,0,1,1,A,-,03,22350,,N,E,I,A,A,C,G,D,A,0,,,,,Y,,D,22,1,0,0,0,0,0,0,0,0,"- ","- ",37.630470275878906,-120.35350036621094,MARIPOSA,UNINCORPORATED,-120.35348510742188,37.6304931640625
90695308,2018,2018-03-30,9455,2018-03-24,2135,019244,,6,2,9,2200,0,1,3,,1,003,SR-140,"BEAR CREEK BRIDGE 40.04",317.00,E,N,B,-,Y,,,,,,,,,,Y,4,0,1,1,A,-,03,22350,,N,E,A,A,B,H,-,D,D,0,,,,,Y,,A,01,0,0,1,0,0,0,0,0,0,"- ","- ",37.586540222167969,-119.96243286132812,MARIPOSA,UNINCORPORATED,,
90698201,2018,2018-04-04,9455,2018-03-26,1545,021228,,1,2,9,2200,0,1,3,,1,002,SR-140,"11TH ST",3.00,W,N,A,-,Y,,,140,,,,,,,Y,3,0,1,2,A,-,03,22350,,N,C,C,A,A,H,-,A,D,0,,,,,Y,,D,22,0,1,0,0,0,0,0,0,0,"- ","- ",37.488960266113281,-119.96965789794922,MARIPOSA,UNINCORPORATED,-119.96966552734375,37.488956451416016
90699624,2018,2018-04-05,9455,2018-03-31,1215,018088,,6,1,9,2200,0,3,5,,2,010,"BEAR VALLEY RD","MOUNT GAINES RD",700.00,E,N,A,B,N,,,,,,,,,,Y,2,0,1,1,A,-,03,22350,,N,F,A,A,A,H,-,A,D,0,,,Y,,Y,,C,02,1,0,0,0,0,0,0,0,1,"- ","- ",37.547309875488281,-120.18502807617188,MARIPOSA,UNINCORPORATED,-120.18502807617188,37.547309875488281
90703625,2018,2018-04-11,9455,2018-04-01,1735,021228,,7,2,9,2200,0,3,5,,2,010,"TRIANGLE RD","TIP TOP RD",313.00,S,N,A,-,N,,,,,,,,,,Y,3,0,1,1,A,-,08,22107,,N,E,I,A,A,H,-,A,D,0,,,,,Y,,A,01,0,1,0,0,0,0,0,0,0,"- ","- ",37.477569580078125,-119.81027221679688,MARIPOSA,UNINCORPORATED,-119.81034088134766,37.477645874023438
90709455,2018,2018-04-19,9455,2018-04-13,1705,021563,,5,2,9,2200,0,1,3,,1,005,SR-49,"SILVA RD",0.00,,Y,A,-,Y,,,49,,,,,,,Y,3,0,3,3,A,-,09,21801,A,N,D,C,A,A,H,-,A,A,0,,,,,Y,,D,22,0,1,2,0,0,0,0,0,0,"- ","- ",37.460121154785156,-119.901123046875,MARIPOSA,UNINCORPORATED,-119.90109252929688,37.4600830078125
90715276,2018,2018-04-27,9455,2018-04-19,2030,021563,,4,2,9,2200,0,3,5,,2,010,"BEN HUR RD","SILVER BAR RD",2112.00,E,N,A,-,N,,,,,,,,,,Y,3,0,1,1,A,-,08,22107,,N,F,A,A,A,H,-,D,D,0,,,,,Y,,D,22,0,1,0,0,0,0,0,0,0,"- ","- ",37.433521270751953,-119.94406890869141,MARIPOSA,UNINCORPORATED,-119.96600341796875,37.379859924316406
90715865,2018,2018-04-30,9455,2018-04-25,1435,021563,,3,2,9,2200,0,1,3,,1,005,SR-49,"STOCKTON CREEK RD",100.00,N,N,A,-,Y,,,49,,,,,,,Y,3,0,1,1,A,-,08,22107,,N,E,I,A,A,H,-,A,D,0,,,,,Y,,A,07,0,1,0,0,0,0,0,0,0,"- ","- ",37.468948364257812,-119.95005798339844,MARIPOSA,UNINCORPORATED,-119.95004272460938,37.468955993652344
90725870,2018,2018-05-14,9425,2018-05-06,1055,017403,,7,1,9,2200,0,3,5,,1,005,"MERCED FALLS RD","CORONADO DR",10560.00,S,N,A,-,N,,,,,,,,,,Y,2,0,2,2,A,-,03,22350,,N,C,C,A,A,A,D,A,A,0,,,Y,,Y,,C,02,1,0,1,0,0,0,0,0,2,"- ","- ",37.599369049072266,-120.30771636962891,MARIPOSA,UNINCORPORATED,-120.30715942382812,37.600692749023438
90726047,2018,2018-06-08,9425,2018-05-07,1528,017403,,1,2,9,2200,0,1,3,,1,053,SR-49,"PENON BLANCO RD",528.00,N,N,A,-,Y,,,49,,,,,,,Y,2,0,2,2,A,-,08,22107,,N,D,C,A,A,H,-,A,D,0,,,Y,,Y,,C,02,2,0,0,0,0,0,0,0,2,"- ","- ",37.736419677734375,-120.23059844970703,MARIPOSA,UNINCORPORATED,-120.23061370849609,37.736396789550781
90730501,2018,2018-07-09,9455,2018-05-07,1115,020097,,1,1,9,2200,0,1,3,,1,002,SR-140,"PONDEROSA WAY",1166.00,W,N,A,-,Y,,,,,,,,,,Y,1,1,0,2,A,-,09,21804,A,N,D,C,A,A,H,-,A,D,0,,,,Y,Y,,D,22,0,0,0,0,0,0,0,0,0,"- ","- ",37.333278656005859,-119.5555419921875,MARIPOSA,UNINCORPORATED,-119.93845367431641,37.563011169433594
90732521,2018,2018-05-23,9455,2018-05-15,0745,021143,,2,1,9,2200,0,3,5,,2,010,"BULLION ST","10TH ST",0.00,,Y,A,-,N,,,,,,,,,,N,3,0,1,2,A,-,09,21801,A,N,A,C,A,A,H,-,A,A,0,,,,,Y,,D,22,0,1,0,0,0,0,0,0,0,"- ","- ",37.489059448242188,-119.96788787841797,MARIPOSA,UNINCORPORATED,-119.96781921386719,37.489070892333984
90736938,2018,2018-05-30,9455,2018-05-24,1700,018215,,4,2,9,2200,0,3,5,,2,010,"SILVA RD","CARLETON RD",300.00,W,N,A,-,N,,,,,,,,,,Y,3,0,2,1,A,-,08,22107,,N,F,A,A,A,H,-,A,D,0,,,,,Y,,A,07,0,2,0,0,0,0,0,0,0,"- ","- ",37.282939910888672,-119.535888671875,MARIPOSA,UNINCORPORATED,-119.89971160888672,37.475250244140625
90736942,2018,2018-05-30,9455,2018-05-24,1745,018215,,4,2,9,2200,0,3,5,,2,010,"HARRIS CUT OFF RD","SPECKLED CT",110.00,S,N,A,-,N,,,,,,,,,,Y,3,0,1,1,A,-,08,22107,,N,E,I,A,A,H,-,A,D,0,,,,,Y,,A,07,0,1,0,0,0,0,0,0,0,"- ","- ",37.275749206542969,-119.4422607421875,MARIPOSA,UNINCORPORATED,-119.73951721191406,37.465583801269531
90741040,2018,2018-06-05,9455,2018-05-29,1700,018215,,2,2,9,2200,0,3,5,,2,010,"OLD HWY","GUADALUPE FIRE RD",10560.00,W,N,A,-,N,,,,,,,,,,Y,3,0,1,1,A,-,08,22107,,N,E,I,A,A,H,-,A,D,0,,,,,Y,Y,D,22,0,1,0,0,0,0,0,0,0,"- ","- ",37.402801513671875,-120.03009796142578,MARIPOSA,UNINCORPORATED,-120.03829193115234,37.398483276367188
90744024,2018,2018-06-08,9455,2018-06-01,0740,021143,,5,1,9,2200,0,1,3,,1,002,SR-140,"COAKLEY CIR",68.00,W,N,A,-,Y,,,140,,,,,,,Y,4,0,2,2,A,-,09,21804,A,N,D,C,A,A,H,-,A,D,0,,,,,Y,,A,01,0,0,2,0,0,0,0,0,0,"- ","- ",37.490440368652344,-119.97123718261719,MARIPOSA,UNINCORPORATED,-119.97122192382812,37.490451812744141
90746347,2018,2018-07-16,9455,2018-01-28,1845,019417,,7,2,9,2200,0,3,5,,2,010,"GANNS CORRAL RD","LITTLE BEAR RD",3696.00,N,N,A,-,N,,,,,,,,,,Y,1,1,0,1,A,-,08,22107,,F,E,I,A,A,G,H,D,D,0,,,,,Y,,A,07,0,0,0,0,0,0,0,0,0,"- ","- ",37.450439453125,-119.95648956298828,MARIPOSA,UNINCORPORATED,-119.95661926269531,37.450546264648438
90747701,2018,2018-06-13,9455,2018-06-08,1900,018215,,5,2,9,2200,0,1,3,,1,001,"SR-140 E/B","MILES CREEK CROSSING",1056.00,W,N,A,-,Y,,,,,,,,,,Y,4,0,1,1,A,-,07,21658,A,N,E,I,A,A,H,-,A,D,0,,,,,Y,,A,01,0,0,1,0,0,0,0,0,0,"- ","- ",37.212131500244141,-120.1134033203125,MARIPOSA,UNINCORPORATED,,
90748813,2018,2018-06-15,9455,2018-06-09,1030,018088,,6,1,9,2200,0,1,3,,1,001,SR-140,"MCCORRY ROAD",13200.00,E,N,A,-,Y,,,,,,,,,,Y,3,0,1,1,A,-,08,22107,,N,E,I,A,A,H,-,A,D,0,,,,,Y,,A,07,0,1,0,0,0,0,0,0,0,"- ","- ",,,MARIPOSA,UNINCORPORATED,,
90752385,2018,2018-06-20,9455,2018-06-18,1550,021563,,1,2,9,2200,0,1,3,,1,003,SR-140,"EL PORTAL RD",0.00,,Y,A,-,Y,,,140,,,,,,,N,3,0,1,2,A,-,03,22350,,N,C,C,A,A,H,-,A,A,0,,,Y,,Y,,C,02,0,1,0,0,0,0,0,0,1,"- ","- ",37.672988891601562,-119.78568267822266,MARIPOSA,UNINCORPORATED,-119.78568267822266,37.672992706298828
90752435,2018,2018-06-20,9455,2018-06-10,2214,019237,,7,3,9,2200,0,1,3,,1,004,"STATE HIGHWAY 49 NORTH","W. WHITLOCK ROAD",500.00,N,N,A,-,Y,,,,,,,,,,Y,3,0,1,1,A,-,03,22350,,N,E,I,A,A,H,-,D,D,0,,,,,Y,,A,01,0,1,0,0,0,0,0,0,0,"- ","- ",37.398269653320312,-119.11028289794922,MARIPOSA,UNINCORPORATED,-120.00325775146484,37.506999969482422