CASE_ID,ACCIDENT_YEAR,PROC_DATE,JURIS,COLLISION_DATE,COLLISION_TIME,OFFICER_ID,REPORTING_DISTRICT,DAY_OF_WEEK,CHP_SHIFT,POPULATION,CNTY_CITY_LOC,SPECIAL_COND,BEAT_TYPE,CHP_BEAT_TYPE,CITY_DIVISION_LAPD,CHP_BEAT_CLASS,BEAT_NUMBER,PRIMARY_RD,SECONDARY_RD,DISTANCE,DIRECTION,INTERSECTION,WEATHER_1,WEATHER_2,STATE_HWY_IND,CALTRANS_COUNTY,CALTRANS_DISTRICT,STATE_ROUTE,ROUTE_SUFFIX,POSTMILE_PREFIX,POSTMILE,LOCATION_TYPE,RAMP_INTERSECTION,SIDE_OF_HWY,TOW_AWAY,COLLISION_SEVERITY,NUMBER_KILLED,NUMBER_INJURED,PARTY_COUNT,PRIMARY_COLL_FACTOR,PCF_CODE_OF_VIOL,PCF_VIOL_CATEGORY,PCF_VIOLATION,PCF_VIOL_SUBSECTION,HIT_AND_RUN,TYPE_OF_COLLISION,MVIW,PED_ACTION,ROAD_SURFACE,ROAD_COND_1,ROAD_COND_2,LIGHTING,CONTROL_DEVICE,CHP_ROAD_TYPE,PEDESTRIAN_ACCIDENT,BICYCLE_ACCIDENT,MOTORCYCLE_ACCIDENT,TRUCK_ACCIDENT,NOT_PRIVATE_PROPERTY,ALCOHOL_INVOLVED,STWD_VEHTYPE_AT_FAULT,CHP_VEHTYPE_AT_FAULT,COUNT_SEVERE_INJ,COUNT_VISIBLE_INJ,COUNT_COMPLAINT_PAIN,COUNT_PED_KILLED,COUNT_PED_INJURED,COUNT_BICYCLIST_KILLED,COUNT_BICYCLIST_INJURED,COUNT_MC_KILLED,COUNT_MC_INJURED,PRIMARY_RAMP,SECONDARY_RAMP,LATITUDE,LONGITUDE,COUNTY,CITY,POINT_X,POINT_Y
91261811,2020,2020-07-01,9425,2020-06-26,1330,016886,,5,1,9,2200,0,1,3,,1,054,SR-132,"NARCISCO WAY",1584.00,E,N,A,-,Y,,,132,,,,,,,Y,3,0,1,1,A,-,08,22107,,N,E,I,A,A,H,-,A,D,0,,,,,Y,,A,01,0,1,0,0,0,0,0,0,0,"- ","- ",37.713630676269531,-120.31913757324219,MARIPOSA,UNINCORPORATED,-120.31915283203125,37.713607788085938
91262931,2020,2020-07-03,9425,2020-06-27,1900,017461,,6,2,9,2200,0,3,5,,1,005,"MERCED FALLS RD","CORONADO DR",15312.00,S,N,A,-,N,,,,,,,,,,Y,4,0,1,1,A,-,08,22107,,N,E,I,A,A,H,-,A,D,0,,,,,Y,,A,01,0,0,1,0,0,0,0,0,0,"- ","- ",37.597808837890625,-120.30824279785156,MARIPOSA,UNINCORPORATED,-120.30696105957031,37.587894439697266
91263631,2020,2020-07-06,9455,2020-06-27,1845,019500,,6,2,9,2200,0,1,3,,1,004,SR-49,"BAGBY BRIDGE",1056.00,S,N,A,-,Y,,,49,,,,,,,N,3,0,1,1,A,-,03,22350,,N,H,A,A,A,H,-,A,D,0,,,Y,,Y,,C,02,0,1,0,0,0,0,0,0,1,"- ","- ",37.601371765136719,-120.13200378417969,MARIPOSA,UNINCORPORATED,-120.13198089599609,37.601409912109375
91264827,2020,2020-07-07,9425,2020-07-03,1530,016886,,5,2,9,2200,0,1,3,,1,053,SR-49,"CROWN LEAD ROAD",6336.00,S,N,A,-,Y,,,49,,,,,,,Y,3,0,1,2,A,-,05,21460,A,F,F,A,A,A,H,-,A,D,0,,,Y,,Y,,D,22,0,1,0,0,0,0,0,0,1,"- ","- ",37.680149078369141,-120.17150115966797,MARIPOSA,UNINCORPORATED,-120.17153167724609,37.680141448974609
91268387,2020,2020-07-14,9455,2020-07-11,1055,018215,,6,1,9,2200,0,3,5,,2,010,"BEN HUR RD","GREEN HILLS RD",600.00,S,N,A,-,N,,,,,,,,,,Y,3,0,1,1,A,-,08,22107,,N,E,I,A,A,H,-,A,D,0,,,,,Y,,D,22,0,1,0,0,0,0,0,0,0,"- ","- ",37.422389984130859,-119.96015930175781,MARIPOSA,UNINCORPORATED,-119.96120452880859,37.422023773193359
91271382,2020,2020-07-20,9455,2020-07-17,1340,018215,,5,1,9,2200,0,1,3,,1,005,SR-49,"DARRAH RD",0.00,,Y,A,-,Y,,,49,,,,,,,Y,3,0,3,2,A,-,12,22450,A,N,D,C,A,A,H,-,A,A,0,,,,,Y,,A,01,0,3,0,0,0,0,0,0,0,"- ","- ",37.463939666748047,-119.88852691650391,MARIPOSA,UNINCORPORATED,-119.88853454589844,37.463886260986328
91280896,2020,2020-08-05,9455,2020-07-24,0515,020377,,5,3,9,2200,0,1,3,,1,005,"STATE HIGHWAY 49","KEMBLE RD",505.00,S,N,A,-,Y,,,49,,,,,,,Y,2,0,2,2,A,-,06,21751,,N,B,C,A,A,H,-,B,D,0,,,Y,,Y,,A,07,2,0,0,0,0,0,0,0,1,"- ","- ",37.447540283203125,-119.75335693359375,MARIPOSA,UNINCORPORATED,-119.75330352783203,37.447811126708984
91285212,2020,2020-08-12,9425,2020-08-01,1315,017461,,6,1,9,2200,0,1,3,,1,053,SR-49,"MARY HARRISON MINE RD",3696.00,S,N,A,-,N,,,49,,,,,,,Y,4,0,1,1,A,-,08,22107,,N,F,A,A,A,H,-,A,D,0,,,Y,,Y,,C,02,0,0,1,0,0,0,0,0,1,"- ","- ",37.677719116210938,-120.15888214111328,MARIPOSA,UNINCORPORATED,-120.15913391113281,37.677680969238281
91285265,2020,2020-08-12,9425,2020-08-05,1513,017403,,3,2,9,2200,0,1,3,,1,054,SR-132,"HORSESHOE BEND",400.00,W,N,A,-,Y,,,132,,,,,,,Y,3,0,1,1,A,-,01,23152,F,N,F,A,A,A,H,-,A,D,0,,,,,Y,,A,07,0,1,0,0,0,0,0,0,0,"- ","- ",37.702911376953125,-120.25047302246094,MARIPOSA,UNINCORPORATED,-120.25035858154297,37.702846527099609
91290249,2020,2020-08-21,9425,2020-08-19,0415,016886,,3,3,9,2200,0,3,5,,1,005,"BANDERILLA DRIVE","ALAMO DRIVE",489.00,S,N,A,-,N,,,,,,,,,,N,3,0,1,1,C,-,18,,,N,H,H,A,A,H,-,D,D,0,,,Y,,Y,,-,"- ",0,1,0,0,0,0,0,0,1,"- ","- ",37.658401489257812,-120.34944152832031,MARIPOSA,UNINCORPORATED,-120.34941101074219,37.658489227294922
91297454,2020,2020-09-02,9455,2020-08-23,1530,018939,,7,2,9,2200,0,3,5,,2,009,"MOUNT BULLION CUT OFF RD","RT 140",3168.00,N,N,A,-,N,,,,,,,,,,Y,2,0,1,1,A,-,08,22107,,N,E,I,A,A,H,-,A,D,0,,,Y,,Y,,C,02,1,0,0,0,0,0,0,0,1,"- ","- ",37.483600616455078,-120.05840301513672,MARIPOSA,UNINCORPORATED,-120.05886840820312,37.483806610107422
91300468,2020,2020-09-08,9425,2020-09-01,1547,017403,,2,2,9,2200,0,1,3,,1,054,SR-132,"GRANITE SPRINGS RD",4752.00,E,N,A,-,Y,,,132,,,,,,,N,3,0,1,1,A,-,08,22107,,N,F,A,A,A,H,-,A,D,0,,,Y,,Y,,C,02,0,1,0,0,0,0,0,0,1,"- ","- ",37.700408935546875,-120.27391052246094,MARIPOSA,UNINCORPORATED,-120.27393341064453,37.700366973876953
91303155,2020,2020-09-11,9455,2020-09-02,1700,018939,,3,2,9,2200,0,3,5,,2,009,"MOUNT BULLION CUT OFF RD",SR-49,5808.00,S,N,A,-,N,,,,,,,,,,Y,3,0,1,1,A,-,08,22107,,N,E,I,A,A,H,-,A,D,0,,,,,Y,,D,22,0,1,0,0,0,0,0,0,0,"- ","- ",37.490699768066406,-120.03959655761719,MARIPOSA,UNINCORPORATED,-120.03964996337891,37.492050170898438
91308491,2020,2020-09-21,9425,2020-09-20,1052,017403,,7,1,9,2200,0,3,5,,1,005,"PRIEST COULTERVILLE RD","CUNEO RD",300.00,N,N,A,-,N,,,,,,,,,,N,3,0,1,1,A,-,08,22107,,N,F,A,A,A,H,-,A,A,0,,,Y,,Y,,C,02,0,1,0,0,0,0,0,0,1,"- ","- ",37.751331329345703,-120.19461822509766,MARIPOSA,UNINCORPORATED,-120.194603,37.751320999999997
91313070,2020,2020-09-28,9455,2020-09-19,1800,020377,,6,2,9,2200,0,3,5,,2,010,"TRIANGLE RD","BUCKINGHAM MNT RD",3696.00,S,N,A,-,N,,,,,,,,,,Y,4,0,2,2,A,-,09,21804,A,N,D,C,A,A,H,-,A,D,0,,,,,Y,,A,01,0,0,2,0,0,0,0,0,0,"- ","- ",37.509689331054688,-119.91092681884766,MARIPOSA,UNINCORPORATED,-119.915691,37.514670000000002
91313624,2020,2020-09-28,9425,2020-09-23,1102,017403,,3,1,9,2200,0,1,3,,1,053,SR-49,"MARY HARRISON MINE RD",9504.00,S,N,A,-,Y,,,49,,,,,,,Y,2,0,1,1,A,-,08,22107,,N,E,I,A,A,H,-,A,D,0,,,Y,,Y,,C,02,1,0,0,0,0,0,0,0,1,"- ","- ",37.678390502929688,-120.16449737548828,MARIPOSA,UNINCORPORATED,-120.16446685791016,37.678401947021484
91314972,2020,2020-09-30,9455,2020-09-26,0100,021295,,6,3,9,2200,0,3,5,,2,009,"OLD TOLL RD",SR-49,5280.00,W,N,A,-,N,,,,,,,,,,Y,2,0,1,1,A,-,08,22107,,N,F,A,A,A,H,-,D,D,0,,,Y,,Y,,C,02,1,0,0,0,0,0,0,0,1,"- ","- ",37.506301879882812,-120.06210327148438,MARIPOSA,UNINCORPORATED,-120.06178283691406,37.506637573242188
91315274,2020,2020-09-30,9425,2020-09-25,1520,016886,,5,2,9,2200,0,3,5,,1,005,1S15,"JORDAN CREEK ROAD",1320.00,N,N,A,-,N,,,,,,,,,,N,2,0,1,1,A,-,08,22107,,N,E,I,A,A,H,-,A,D,0,,,Y,,Y,,C,02,1,0,0,0,0,0,0,0,1,"- ","- ",37.771381378173828,-120.08242797851562,MARIPOSA,UNINCORPORATED,,
91316757,2020,2020-10-02,9425,2020-09-29,2030,016886,,2,2,9,2200,0,1,3,,1,053,SR-49,"CROWN LEAD ROAD",6600.00,S,N,A,-,Y,,,49,,,,,,,Y,3,0,1,1,A,-,08,22107,,N,E,I,A,A,H,-,D,D,0,,,,,Y,,A,01,0,1,0,0,0,0,0,0,0,"- ","- ",37.680278778076172,-120.17153930664062,MARIPOSA,UNINCORPORATED,-120.17153167724609,37.680278778076172
91318650,2020,2020-10-06,9455,2020-10-04,1615,019500,,7,2,9,2200,0,1,3,,1,001,SR-140,"GROSJEAN RD",1584.00,E,N,A,-,Y,,,140,,,,,,,Y,4,0,1,1,A,-,08,22107,,N,E,I,A,A,H,-,A,D,0,,,,,Y,,A,01,0,0,1,0,0,0,0,0,0,"- ","- ",37.515510559082031,-119.95816802978516,MARIPOSA,UNINCORPORATED,-119.95821380615234,37.515529632568359
91321813,2020,2020-10-12,9455,2020-10-02,0150,021563,,5,3,9,2200,0,3,5,,2,009,"W. WHITLOCK RD","MOSHER RD",7920.00,S,N,A,-,N,,,,,,,,,,Y,4,0,1,1,A,-,03,22350,,N,F,A,A,A,H,-,D,D,0,,,,,Y,,A,07,0,0,1,0,0,0,0,0,0,"- ","- ",37.536209106445312,-120.01162719726562,MARIPOSA,UNINCORPORATED,-120.01119232177734,37.535724639892578
91323125,2020,2020-10-13,9425,2020-10-06,1501,017403,,2,2,9,2200,0,3,5,,1,005,"RANCHITO DR","PICADERO WAY",460.00,E,N,A,-,N,,,,,,,,,,Y,2,0,1,1,A,-,01,23152,A,N,E,I,A,A,H,-,A,D,0,,,,,Y,Y,E,22,1,0,0,0,0,0,0,0,0,"- ","- ",37.646331787109375,-120.32945251464844,MARIPOSA,UNINCORPORATED,-120.32978057861328,37.645912170410156
91325421,2020,2020-10-16,9425,2020-10-09,1210,017461,,5,1,9,2200,0,3,5,,1,005,"WAGNER RIDGE RD","CHAPIN RD",1056.00,N,N,A,-,N,,,,,,,,,,Y,2,0,1,1,A,-,08,22107,,N,E,I,A,A,H,-,A,D,0,,,,,Y,,A,01,1,0,0,0,0,0,0,0,0,"- ","- ",37.782020568847656,-120.18557739257812,MARIPOSA,UNINCORPORATED,-120.18346099999999,37.782960000000003
91325959,2020,2020-10-19,9455,2020-10-10,2325,021563,,6,3,9,2200,0,3,5,,2,009,"MT BULLION CUTOFF RD",SR-140,4224.00,N,N,A,-,N,,,,,,,,,,Y,3,0,1,1,A,-,08,22107,,N,E,I,A,A,H,-,D,D,0,,,,,Y,Y,A,01,0,1,0,0,0,0,0,0,0,"- ","- ",37.484638214111328,-120.05745697021484,MARIPOSA,UNINCORPORATED,-120.05583190917969,37.485260009765625
91327630,2020,2020-10-20,9455,2020-10-14,1240,016876,,3,1,9,2200,0,1,3,,1,003,SR-140,"ABBIE RD",1060.00,N,N,A,-,Y,,,140,,,,,,,Y,3,0,1,1,A,-,08,22107,,N,F,A,A,A,H,-,A,D,0,,,Y,,Y,,C,02,0,1,0,0,0,0,0,0,1,"- ","- ",37.669700622558594,-119.80560302734375,MARIPOSA,UNINCORPORATED,-119.80564117431641,37.669754028320312
91335887,2020,2020-10-30,9455,2020-10-05,2315,021563,,1,3,9,2200,0,1,3,,1,005,SR-49,"HIRSCH RD",1056.00,S,N,A,-,Y,,,49,,,,,,,Y,3,0,1,1,A,-,08,22107,,M,F,A,A,A,H,-,D,D,0,,,,,Y,,A,08,0,1,0,0,0,0,0,0,0,"- ","- ",37.446998596191406,-119.84745025634766,MARIPOSA,UNINCORPORATED,-119.84748840332031,37.446941375732422
91337897,2020,2020-11-03,9455,2020-10-27,1945,018215,,2,2,9,2200,0,1,3,,1,001,SR-140,"OLD HWY",12144.00,W,N,A,-,Y,,,140,,,,,,,Y,3,0,1,1,A,-,08,22107,,N,F,A,A,A,H,-,D,D,0,,,,,Y,,A,01,0,1,0,0,0,0,0,0,0,"- ","- ",37.381061553955078,-120.16130828857422,MARIPOSA,UNINCORPORATED,-120.16121673583984,37.381000518798828
91338982,2020,2020-11-04,9425,2020-10-28,2135,016886,,3,2,9,2200,0,3,5,,1,005,"CUNEO ROAD","PRIEST COULTERVILLE ROAD",792.00,N,N,A,-,N,,,,,,,,,,N,3,0,1,1,A,-,08,22107,,N,E,I,A,A,H,-,D,D,0,,,,,Y,,A,07,0,1,0,0,0,0,0,0,0,"- ","- ",37.753940582275391,-120.19293975830078,MARIPOSA,UNINCORPORATED,,
91340041,2020,2020-11-05,9455,2020-10-31,0230,019244,,6,3,9,2200,0,1,3,,1,003,"RT 140",BRICEBURG,15840.00,E,N,A,-,Y,,,140,,,,,,,Y,3,0,1,1,A,-,01,23152,A,N,F,A,A,A,H,-,D,D,0,,,,,Y,Y,D,22,0,1,0,0,0,0,0,0,0,"- ","- ",37.619598388671875,-119.95639801025391,MARIPOSA,UNINCORPORATED,-119.95630645751953,37.619544982910156
91340103,2020,2020-11-05,9425,2020-10-29,1915,017461,,4,2,9,2200,0,1,3,,1,054,SR132,"JOSEFINA WAY",200.00,W,N,A,-,Y,,,132,,,,,,,N,2,0,1,1,C,-,18,,,N,E,H,A,A,H,-,D,D,0,,,Y,,Y,,-,"- ",1,0,0,0,0,0,0,0,1,"- ","- ",37.672248840332031,-120.36636352539062,MARIPOSA,UNINCORPORATED,-120.36628723144531,37.672229766845703
91341848,2020,2020-11-09,9455,2020-11-01,1400,019237,,7,2,9,2200,0,1,3,,1,003,"STATE HIGHWAY 140","BEAR CREEK",7920.00,E,N,A,-,Y,,,140,,,,,,,Y,2,0,1,1,A,-,08,22107,,N,F,A,A,A,H,-,A,D,0,,,Y,,Y,,C,02,1,0,0,0,0,0,0,0,1,"- ","- ",37.5989990234375,-119.95915985107422,MARIPOSA,UNINCORPORATED,-119.95906066894531,37.598976135253906
91342969,2020,2020-11-10,9455,2020-11-03,0300,021563,,2,3,9,2200,0,1,3,,1,001,SR-140,"AGUA FRIA RD",528.00,W,N,A,-,Y,,,140,,,,,,,Y,3,0,1,1,A,-,08,22107,,N,E,I,A,A,H,-,D,D,0,,,,,Y,,A,01,0,1,0,0,0,0,0,0,0,"- ","- ",37.481929779052734,-120.02429962158203,MARIPOSA,UNINCORPORATED,-120.02425384521484,37.4818115234375
91344749,2020,2020-11-13,9455,2020-11-07,1620,019500,,6,2,9,2200,0,3,5,,2,010,"DARRAH RD","OWL CREEK RD",528.00,W,N,B,F,N,,,,,,,,,,Y,4,0,2,1,A,-,03,22350,,N,F,A,A,C,H,-,A,D,0,,,,,Y,,A,01,0,0,2,0,0,0,0,0,0,"- ","- ",37.470958709716797,-119.87860107421875,MARIPOSA,UNINCORPORATED,-119.87758636474609,37.471683502197266
91345856,2020,2020-11-16,9425,2020-11-07,0829,016886,,6,1,9,2200,0,3,5,,1,005,"MERCED FALLS ROAD","CORONADO DRIVE",170.00,N,N,B,C,N,,,,,,,,,,Y,3,0,1,1,A,-,08,22107,,N,E,I,A,B,H,-,A,D,0,,,,,Y,,A,01,0,1,0,0,0,0,0,0,0,"- ","- ",37.629768371582031,-120.30799865722656,MARIPOSA,UNINCORPORATED,-120.3079833984375,37.629726409912109
91346227,2020,2020-11-16,9425,2020-11-12,1447,015963,,4,2,9,2200,0,1,3,,1,053,SR-49,"CROWN LEAD RD",3696.00,S,N,A,-,Y,,,49,,,,,,,Y,2,0,1,1,A,-,08,22107,,N,F,A,A,A,H,-,A,A,0,,,Y,,Y,,C,02,1,0,0,0,0,0,0,0,1,"- ","- ",37.688060760498047,-120.17843627929688,MARIPOSA,UNINCORPORATED,-120.17844390869141,37.688095092773438
91346313,2020,2020-11-16,9425,2020-11-12,1040,016886,,4,1,9,2200,0,1,3,,1,053,SR-49,"CROWN LEAD ROAD",3696.00,S,N,A,-,Y,,,49,,,,,,,Y,3,0,1,1,A,-,08,22107,,N,F,A,A,A,H,-,A,D,0,,,Y,,Y,,C,02,0,1,0,0,0,0,0,0,1,"- ","- ",37.685859680175781,-120.17696380615234,MARIPOSA,UNINCORPORATED,-120.17694854736328,37.685890197753906
91347682,2020,2020-11-18,9425,2020-11-03,2120,017403,,2,2,9,2200,0,3,5,,1,005,"MERCED FALLS RD","CORONADO DR",33264.00,S,N,A,-,N,,,,,,,,,,Y,4,0,1,1,A,-,01,23152,F,N,F,A,A,A,H,-,D,D,0,,,,,Y,,A,01,0,0,1,0,0,0,0,0,0,"- ","- ",37.548000335693359,-120.32621002197266,MARIPOSA,UNINCORPORATED,-120.32618713378906,37.54791259765625
91347967,2020,2020-11-18,9425,2020-11-15,1036,017403,,7,1,9,2200,0,1,3,,1,054,SR-132,"HORSESHOE BEND",500.00,E,N,A,-,Y,,,132,,,,,,,Y,2,0,1,1,A,-,08,22107,,N,E,I,A,A,H,-,A,D,0,,,,,Y,,D,22,1,0,0,0,0,0,0,0,0,"- ","- ",37.705570220947266,-120.25006866455078,MARIPOSA,UNINCORPORATED,-120.25,37.705558776855469
91351164,2020,2020-11-23,9455,2020-11-15,1557,018939,,7,2,9,2200,0,1,3,,1,004,"SR 49","RT 140",143.00,N,N,A,-,Y,,,49,,,,,,,N,2,0,1,2,A,-,01,23152,A,N,G,B,F,A,H,-,A,D,0,Y,,,,Y,Y,A,07,1,0,0,0,1,0,0,0,0,"- ","- ",37.492801666259766,-119.97329711914062,MARIPOSA,UNINCORPORATED,-119.97333526611328,37.493011474609375
91351240,2020,2020-11-23,9455,2020-11-18,0900,018088,,3,1,9,2200,0,3,5,,2,009,"BEAR VALLEY ROAD","HUNTERS VALLEY RD",78.00,W,N,C,-,N,,,,,,,,,,Y,3,0,1,1,A,-,03,22350,,N,F,A,A,B,H,-,A,D,0,,,,Y,Y,,F,24,0,1,0,0,0,0,0,0,0,"- ","- ",37.564529418945312,-120.17079925537109,MARIPOSA,UNINCORPORATED,-120.17060089111328,37.564800262451172
91351887,2020,2020-11-23,9455,2020-11-18,1300,018088,,3,1,9,2200,0,1,3,,1,005,SR-49,"VARAIN RD",50.00,N,N,C,-,Y,,,49,,,,,,,Y,3,0,1,1,A,-,03,22350,,N,E,I,A,B,H,-,A,D,0,,,,,Y,,D,22,0,1,0,0,0,0,0,0,0,"- ","- ",37.460289001464844,-119.94348907470703,MARIPOSA,UNINCORPORATED,-119.94350433349609,37.460235595703125
91355164,2020,2020-11-30,9455,2020-11-06,0845,019237,,5,1,9,2200,1,1,3,,1,005,"STATE HIGHWAY 49 SOUTH","DRURY LANE",528.00,S,N,B,-,Y,,,49,,,,,,,N,3,0,1,1,C,-,18,,,N,H,A,A,A,H,-,A,D,0,,,,,Y,,-,"- ",0,1,0,0,0,0,0,0,0,"- ","- ",37.460018157958984,-119.93251037597656,MARIPOSA,UNINCORPORATED,-119.93251037597656,37.460002899169922
91367825,2020,2020-12-15,9455,2020-12-14,0550,016876,,1,3,9,2200,0,3,5,,2,010,"DARRAH RD","COLE RD",820.00,E,N,A,-,N,,,,,,,,,,Y,4,0,1,1,A,-,08,22107,,N,E,I,A,B,H,-,D,D,0,,,,,Y,,A,07,0,0,1,0,0,0,0,0,0,"- ","- ",37.466400146484375,-119.88430023193359,MARIPOSA,UNINCORPORATED,-119.88431549072266,37.466480255126953
91371528,2020,2020-12-21,9455,2020-12-10,2000,018215,,4,2,9,2200,0,3,5,,2,010,"COLE RD","LA ROSA RD",76.00,S,N,A,-,N,,,,,,,,,,Y,3,0,1,1,A,-,08,22107,,N,E,I,A,A,H,-,D,D,0,,,,,Y,,D,22,0,1,0,0,0,0,0,0,0,"- ","- ",37.482219696044922,-119.88712310791016,MARIPOSA,UNINCORPORATED,-119.88701629638672,37.482269287109375
91378290,2020,2020-12-30,9425,2020-12-21,1525,017461,,1,2,9,2200,0,1,3,,1,054,SR-132,"JALAPA WAY (WEST)",0.00,,Y,A,-,Y,,,132,,,,,,,Y,2,0,2,2,A,-,05,21460,A,N,D,C,A,A,H,-,A,D,0,,,Y,,Y,,C,02,1,0,1,0,0,0,0,0,1,"- ","- ",37.668510437011719,-120.36949157714844,MARIPOSA,UNINCORPORATED,-120.36946868896484,37.668437957763672
91382884,2020,2021-01-06,9425,2020-12-23,0030,017461,,3,3,9,2200,0,3,5,,1,005,"DOGTOWN ROAD","GREELEY HILL RD",528.00,S,N,A,-,N,,,,,,,,,,Y,4,0,1,1,A,-,08,22107,,M,E,I,A,A,H,-,D,D,0,,,,,Y,,A,07,0,0,1,0,0,0,0,0,0,"- ","- ",37.71636962890625,-120.18975830078125,MARIPOSA,UNINCORPORATED,-120.19316101074219,37.715850830078125
91386214,2020,2021-01-12,9455,2020-12-31,0925,016876,,4,1,9,2200,0,3,5,,2,010,"DARRAH RD","TRIANGLE RD",1060.00,S,N,A,-,N,,,,,,,,,,Y,4,0,1,1,A,-,03,22350,,N,F,A,A,C,H,-,A,D,0,,,,,Y,,D,22,0,0,1,0,0,0,0,0,0,"- ","- ",37.514701843261719,-119.83740234375,MARIPOSA,UNINCORPORATED,-119.83788299560547,37.514690399169922
91386246,2020,2021-01-15,9455,2020-10-23,2300,021563,,5,3,9,2200,0,1,3,,1,005,SR-49,"WATT RD EXT",67.00,S,N,A,-,Y,,,49,,,,,,,Y,1,1,0,1,A,-,01,23152,G,N,E,I,A,A,H,-,D,D,0,,,,,Y,Y,D,22,0,0,0,0,0,0,0,0,0,"- ","- ",37.454319000244141,-119.76747894287109,MARIPOSA,UNINCORPORATED,-119.76750946044922,37.454257965087891
91386546,2021,2021-01-13,9425,2021-01-04,1515,017403,,1,2,9,2200,0,3,5,,1,005,"GREELEY HILL RD","PRIEST COULTERVILLE RD",6336.00,E,N,B,C,N,,,,,,,,,,Y,2,0,1,1,A,-,08,22107,,N,E,I,A,B,H,-,A,D,0,,,,,Y,,A,07,1,0,0,0,0,0,0,0,0,"- ","- ",37.736579895019531,-120.17781066894531,MARIPOSA,UNINCORPORATED,-120.18682098388672,37.735149383544922
91389769,2021,2021-01-18,9425,2021-01-09,1540,017461,,6,2,9,2200,0,3,5,,1,005,"MERCED FALLS RD","PROUTY RD",14256.00,S,N,A,-,N,,,,,,,,,,Y,4,0,1,1,A,-,08,22107,,N,E,I,A,A,H,-,A,D,0,,,,,Y,,A,01,0,0,1,0,0,0,0,0,0,"- ","- ",37.581619262695312,-120.30831909179688,MARIPOSA,UNINCORPORATED,-120.31243896484375,37.571537017822266
91390745,2021,2021-01-19,9455,2021-01-11,1450,019500,,1,2,9,2200,0,3,5,,2,010,"YAQUI GULCH RD","LIVE OAK DR",528.00,N,N,A,-,N,,,,,,,,,,Y,4,0,1,1,A,-,08,22107,,N,E,I,A,A,H,-,A,D,0,,,,,Y,,A,07,0,0,1,0,0,0,0,0,0,"- ","- ",37.462478637695312,-120.001953125,MARIPOSA,UNINCORPORATED,-120.00335693359375,37.458118438720703
91390748,2021,2021-01-19,9455,2021-01-15,1440,019500,,5,2,9,2200,0,1,3,,1,005,SR-49,"WORMAN RD",1056.00,S,N,A,-,Y,,,49,,,,,,,Y,2,0,1,1,A,-,08,22107,,N,F,A,A,A,H,-,A,D,0,,,,,Y,,A,01,1,0,0,0,0,0,0,0,0,"- ","- ",37.419200897216797,-119.72785949707031,MARIPOSA,UNINCORPORATED,-119.72792816162109,37.419315338134766
91392121,2021,2021-01-21,9455,2021-01-19,0600,018215,,2,1,9,2200,0,1,3,,1,001,SR-140,"AGUA FRIA RD",528.00,W,N,A,G,Y,,,140,,,,,,,Y,4,0,1,1,A,-,03,22350,,N,E,J,A,A,C,-,D,D,0,,,,Y,Y,,F,26,0,0,1,0,0,0,0,0,0,"- ","- ",37.481838226318359,-120.02414703369141,MARIPOSA,UNINCORPORATED,-120.02415466308594,37.481849670410156
91394239,2021,2021-01-26,9455,2021-01-23,0500,021295,,6,3,9,2200,0,1,3,,1,001,"SR-140 W/B","HUMMINGBIRD LN",660.00,W,N,B,-,Y,,,140,,,,,,W,Y,2,0,1,1,A,-,08,22107,,N,F,A,A,A,H,-,D,D,0,,,,,Y,,D,22,1,0,0,0,0,0,0,0,0,"- ","- ",37.476699829101562,-120.04730224609375,MARIPOSA,UNINCORPORATED,-120.04730987548828,37.476589202880859
91395098,2021,2021-01-27,9425,2021-01-21,2150,016886,,4,2,9,2200,0,3,5,,1,005,"MERCED FALLS ROAD","CORONADO DRIVE",21120.00,S,N,B,-,N,,,,,,,,,,Y,4,0,1,1,A,-,08,22107,,N,E,I,A,A,H,-,D,D,0,,,,,Y,,A,01,0,0,1,0,0,0,0,0,0,"- ","- ",37.572761535644531,-120.30947875976562,MARIPOSA,UNINCORPORATED,-120.30938720703125,37.572818756103516